id,code,product_name
1816,11110008817,Maple Glazed Cake Donuts
2271,11110198990,"Cake Donuts, S'Mores"
5599,11150146098,"Kids Graham Crackers, Chocolate"
6793,11153041949,Crunchy Oat Squares With Cinnamon Cereal
9226,11225127700,"Sweet P's Bake Shop, Jumbo Glazed Raised Donuts"
17698,21130266302,"Pie Crust, Graham Cracker"
17710,21130281022,Corn Flakes Cereal
21563,24300806247,Mini Donuts
31434,35826097101,Sweet & Crispy Graham Crackers
40525,41224710146,Water Crackers
50575,41498114947,Sweetened Multi-Grain Cereal Made With Natural Fruit Flavors With Other Natural Flavors
54983,42400060024,Naturally & Artificially Flavored Sweetened Corn & Oat Cereal With Real Cocoa
55025,42400109754,"Cocoa Dyno-Bites, Sweetened Rice Cereal With Real Cocoa"
55247,42400236245,"Berry Bunch Crunch, Sweetened Corn & Oat Cereal"
55265,42400240815,Honey Graham Cereal
55517,42563600228,Bite Sized Cracked Wheat Crackers
63250,51933150546,"Sweetened Puffed Wheat Cereal, Honey"
66652,58449620020,"Eco Pac, Cereal, Millet Puffs"
78073,72030015712,Frosted Donuts
78095,72030021645,Pop'Ettes Powdered Donuts
78734,72036713612,"Cracker Cuts, Sharp Cheddar Cheese"
86568,74323091137,"Donas, Sugared Donuts"
91358,76185003815,Variety Pack Donut Holes
91435,76265185905,Plain Cake Mini Donuts
92296,76606720956,"Savory Snack Cracker, Celery & Onion"
98466,78742129082,"Baked Buttery Crackers, Naturally Flavored"
125513,6.88267E+11,"Oats & O's, Toasted Whole Grain Oat Cereal"
129640,7.0882E+11,"Woven Wheats, Baked Whole Wheat Crackers, Rosemary & Olive Oil"
132163,7.13734E+11,Low Sodium Applause Crackers
169765,8.76274E+11,"Snack Time, Stack Pack Salted Crackers"
171070,8.84912E+11,"Honey Bunches Of Oats, Cereal, Pecan & Maple Brown Sugar"
171593,8.88109E+11,"Donettes, Mini Donuts, Frosted"
171657,8.88109E+11,Red Velvet Mini Donuts
174905,9.80125E+11,Quinoa Hot Cereal Flakes
280327,5.05138E+12,Baked Donuts
308377,7.75011E+12,Water Crackers